ID_Venda,Data_Venda,ID_Cliente,ID_Produto,Quantidade
1,2025-06-17 13:00:00,75,26,2
2,2025-01-12 18:00:00,15,19,1
3,2025-08-08 19:00:00,58,8,2
4,2025-02-10 09:00:00,34,14,1
5,2025-06-21 12:00:00,37,6,2
6,2025-07-27 12:00:00,76,6,1
7,2025-09-10 14:00:00,38,28,1
8,2025-01-15 14:00:00,6,12,1
9,2025-04-27 13:00:00,74,4,1
10,2025-10-22 22:00:00,73,6,5
11,2025-08-13 11:00:00,11,27,1
12,2025-07-20 22:00:00,42,13,1
13,2025-02-22 15:00:00,67,17,1
14,2025-05-24 20:00:00,58,7,1
15,2025-08-03 15:00:00,4,19,2
16,2025-06-10 21:00:00,8,1,2
17,2025-06-06 10:00:00,28,3,1
18,2025-04-01 18:00:00,15,25,1
19,2025-03-30 16:00:00,9,6,1
20,2025-11-06 13:00:00,48,19,1
21,2025-02-06 08:00:00,23,18,1
22,2025-08-15 16:00:00,59,13,1
23,2025-09-29 12:00:00,75,9,1
24,2025-01-11 12:00:00,47,9,1
25,2025-04-05 22:00:00,47,18,1
26,2025-08-14 12:00:00,6,7,2
27,2025-04-29 09:00:00,66,4,2
28,2025-04-25 21:00:00,45,18,2
29,2025-10-21 19:00:00,18,17,1
30,2025-09-10 22:00:00,3,22,1
31,2025-06-09 18:00:00,61,21,1
32,2025-09-01 13:00:00,71,26,1
33,2025-05-03 13:00:00,72,14,1
34,2025-10-02 15:00:00,22,11,1
35,2025-07-16 20:00:00,60,21,1
36,2025-06-29 14:00:00,19,1,2
37,2025-12-25 21:00:00,37,16,1
38,2025-10-10 08:00:00,61,10,2
39,2025-12-24 20:00:00,72,14,1
40,2025-05-13 16:00:00,79,24,1
41,2025-03-09 17:00:00,53,30,1
42,2025-11-23 21:00:00,8,11,1
43,2025-09-23 16:00:00,9,4,3
44,2025-02-26 10:00:00,39,14,1
45,2025-11-16 10:00:00,78,27,2
46,2025-03-19 11:00:00,65,14,1
47,2025-09-14 08:00:00,45,19,5
48,2025-05-01 17:00:00,1,4,1
49,2025-07-21 20:00:00,42,2,2
50,2025-11-12 09:00:00,54,7,1
51,2025-08-29 11:00:00,31,17,3
52,2025-03-07 08:00:00,77,30,1
53,2025-08-15 21:00:00,74,18,1
54,2025-05-03 20:00:00,79,21,1
55,2025-04-06 17:00:00,25,24,1
56,2025-06-27 12:00:00,52,13,2
57,2025-10-02 15:00:00,31,3,1
58,2025-09-25 08:00:00,41,3,1
59,2025-03-05 14:00:00,5,18,1
60,2025-03-23 17:00:00,39,27,1
61,2025-09-27 14:00:00,78,11,1
62,2025-10-01 11:00:00,7,30,5
63,2025-03-23 10:00:00,6,8,2
64,2025-01-19 20:00:00,26,13,1
65,2025-04-17 13:00:00,20,17,1
66,2025-04-24 14:00:00,79,22,1
67,2025-09-28 11:00:00,43,20,2
68,2025-08-02 15:00:00,18,23,1
69,2025-12-24 22:00:00,33,30,2
70,2025-06-02 11:00:00,42,5,1
71,2025-08-31 10:00:00,60,10,1
72,2025-02-01 09:00:00,2,18,1
73,2025-08-11 09:00:00,74,1,1
74,2025-06-05 17:00:00,74,18,3
75,2025-07-07 21:00:00,22,24,1
76,2025-05-20 09:00:00,24,14,1
77,2025-05-28 11:00:00,80,1,2
78,2025-06-09 16:00:00,46,13,1
79,2025-06-10 10:00:00,16,12,1
80,2025-05-07 09:00:00,51,4,2
81,2025-07-05 10:00:00,73,7,1
82,2025-01-18 19:00:00,63,8,1
83,2025-09-01 14:00:00,68,26,1
84,2025-09-17 17:00:00,67,25,2
85,2025-05-22 14:00:00,23,18,1
86,2025-10-05 19:00:00,61,3,1
87,2025-06-04 22:00:00,39,24,2
88,2025-11-04 08:00:00,10,1,3
89,2025-02-04 12:00:00,45,17,2
90,2025-10-07 12:00:00,48,15,3
91,2025-12-28 20:00:00,4,30,2
92,2025-10-31 11:00:00,71,4,1
93,2025-12-26 08:00:00,31,7,3
94,2025-12-20 21:00:00,57,13,1
95,2025-03-26 09:00:00,79,30,1
96,2025-11-09 18:00:00,50,1,1
97,2025-08-21 20:00:00,34,20,1
98,2025-04-30 10:00:00,68,8,3
99,2025-03-05 11:00:00,63,25,1
100,2025-01-24 10:00:00,28,1,1
101,2025-08-25 15:00:00,27,26,2
102,2025-02-18 13:00:00,62,6,1
103,2025-06-28 17:00:00,51,6,1
104,2025-08-25 09:00:00,6,7,1
105,2025-02-17 09:00:00,58,5,3
106,2025-09-08 22:00:00,1,20,3
107,2025-02-02 18:00:00,14,30,1
108,2025-02-22 19:00:00,56,8,1
109,2025-01-22 22:00:00,41,21,2
110,2025-09-04 16:00:00,80,19,2
111,2025-12-04 08:00:00,66,6,1
112,2025-10-24 09:00:00,28,28,2
113,2025-04-19 19:00:00,18,19,3
114,2025-06-10 19:00:00,77,1,2
115,2025-08-02 13:00:00,15,24,1
116,2025-02-12 22:00:00,25,20,1
117,2025-08-05 12:00:00,63,10,3
118,2025-10-28 09:00:00,26,16,1
119,2025-12-06 21:00:00,43,13,1
120,2025-07-03 12:00:00,28,28,2
121,2025-07-25 09:00:00,76,27,1
122,2025-09-28 17:00:00,30,22,1
123,2025-01-17 12:00:00,34,29,1
124,2025-05-13 08:00:00,54,15,1
125,2025-12-01 10:00:00,48,15,1
126,2025-10-25 11:00:00,39,16,1
127,2025-12-02 15:00:00,14,26,2
128,2025-10-17 15:00:00,48,16,1
129,2025-08-20 20:00:00,25,25,1
130,2025-01-06 09:00:00,52,23,1
131,2025-02-06 13:00:00,53,11,3
132,2025-04-24 08:00:00,51,27,1
133,2025-07-28 11:00:00,55,12,1
134,2025-07-10 08:00:00,9,26,2
135,2025-04-18 11:00:00,57,2,1
136,2025-02-04 20:00:00,57,15,1
137,2025-06-14 22:00:00,50,30,1
138,2025-10-31 13:00:00,21,25,5
139,2025-09-15 19:00:00,77,30,3
140,2025-12-25 22:00:00,68,26,1
141,2025-10-21 21:00:00,11,29,2
142,2025-09-26 09:00:00,65,2,1
143,2025-01-07 11:00:00,15,27,2
144,2025-10-09 09:00:00,35,26,1
145,2025-06-05 16:00:00,17,27,1
146,2025-11-15 10:00:00,36,15,1
147,2025-11-20 19:00:00,55,8,2
148,2025-12-22 22:00:00,19,15,1
149,2025-12-17 22:00:00,1,11,1
150,2025-10-09 15:00:00,70,14,1
151,2025-03-27 16:00:00,61,1,1
152,2025-08-17 09:00:00,33,13,1
153,2025-02-26 10:00:00,9,1,1
154,2025-09-25 15:00:00,74,18,1
155,2025-11-15 11:00:00,12,14,1
156,2025-07-25 22:00:00,3,20,1
157,2025-01-22 19:00:00,48,20,1
158,2025-01-27 20:00:00,77,11,1
159,2025-04-24 13:00:00,61,29,1
160,2025-02-24 13:00:00,24,25,1
161,2025-04-02 11:00:00,73,5,1
162,2025-06-18 17:00:00,70,24,1
163,2025-09-19 15:00:00,23,29,1
164,2025-02-25 19:00:00,1,10,1
165,2025-11-07 13:00:00,39,2,2
166,2025-11-19 21:00:00,32,21,2
167,2025-04-13 10:00:00,51,23,1
168,2025-07-24 18:00:00,48,27,5
169,2025-04-23 09:00:00,76,23,1
170,2025-12-31 08:00:00,71,8,2
171,2025-01-19 21:00:00,23,17,1
172,2025-02-14 18:00:00,16,14,1
173,2025-10-15 17:00:00,4,15,1
174,2025-02-05 13:00:00,76,28,1
175,2025-04-28 08:00:00,8,5,1
176,2025-04-27 11:00:00,58,20,2
177,2025-12-08 21:00:00,35,24,1
178,2025-01-04 10:00:00,3,26,1
179,2025-01-25 22:00:00,37,18,1
180,2025-08-04 11:00:00,5,13,1
181,2025-02-02 15:00:00,40,27,1
182,2025-10-24 13:00:00,42,26,2
183,2025-07-13 13:00:00,67,8,1
184,2025-05-28 09:00:00,51,23,1
185,2025-07-31 21:00:00,40,5,3
186,2025-04-13 14:00:00,13,27,1
187,2025-01-12 17:00:00,52,11,2
188,2025-11-14 09:00:00,12,5,1
189,2025-01-18 21:00:00,76,6,1
190,2025-05-08 18:00:00,36,19,1
191,2025-11-09 10:00:00,69,4,1
192,2025-05-14 13:00:00,70,6,1
193,2025-04-11 14:00:00,55,6,1
194,2025-05-03 14:00:00,29,18,1
195,2025-03-04 14:00:00,75,17,5
196,2025-11-08 18:00:00,19,26,1
197,2025-08-04 15:00:00,53,10,1
198,2025-08-13 19:00:00,44,3,1
199,2025-05-17 22:00:00,31,27,1
200,2025-05-15 20:00:00,74,30,2
201,2025-02-06 08:00:00,30,18,1
202,2025-06-14 17:00:00,4,22,1
203,2025-05-16 14:00:00,15,23,1
204,2025-05-15 13:00:00,30,22,1
205,2025-10-21 09:00:00,5,18,1
206,2025-05-04 10:00:00,45,29,1
207,2025-10-06 11:00:00,55,27,2
208,2025-12-15 16:00:00,18,24,2
209,2025-04-22 11:00:00,39,12,1
210,2025-08-07 15:00:00,76,1,1
211,2025-06-12 20:00:00,7,4,1
212,2025-05-23 09:00:00,36,3,1
213,2025-02-05 10:00:00,2,1,1
214,2025-02-07 12:00:00,2,9,1
215,2025-05-31 09:00:00,59,25,1
216,2025-01-29 16:00:00,1,8,5
217,2025-09-29 13:00:00,5,30,1
218,2025-12-13 19:00:00,37,15,1
219,2025-05-26 17:00:00,4,8,1
220,2025-06-11 08:00:00,67,24,1
221,2025-08-03 14:00:00,55,11,1
222,2025-02-01 13:00:00,27,26,1
223,2025-08-11 16:00:00,14,19,1
224,2025-04-22 11:00:00,1,18,1
225,2025-10-07 15:00:00,7,12,5
226,2025-10-25 17:00:00,74,17,1
227,2025-02-11 12:00:00,74,27,3
228,2025-06-12 14:00:00,17,20,3
229,2025-01-22 15:00:00,53,11,5
230,2025-05-25 20:00:00,74,6,2
231,2025-07-03 16:00:00,14,18,1
232,2025-12-18 08:00:00,60,12,2
233,2025-01-12 17:00:00,5,24,1
234,2025-12-08 13:00:00,5,26,1
235,2025-09-24 09:00:00,12,23,2
236,2025-11-08 12:00:00,25,25,1
237,2025-10-01 14:00:00,79,4,1
238,2025-10-09 13:00:00,74,9,1
239,2025-12-07 15:00:00,5,5,2
240,2025-12-11 13:00:00,51,25,1
241,2025-04-07 13:00:00,53,26,1
242,2025-10-29 10:00:00,78,26,1
243,2025-09-01 12:00:00,39,3,1
244,2025-09-27 22:00:00,28,28,1
245,2025-05-23 10:00:00,18,28,1
246,2025-02-14 11:00:00,80,3,2
247,2025-10-26 16:00:00,65,8,5
248,2025-10-14 17:00:00,1,12,3
249,2025-09-19 16:00:00,16,20,1
250,2025-05-06 18:00:00,79,14,1
251,2025-05-06 21:00:00,30,5,1
252,2025-03-05 10:00:00,22,2,1
253,2025-01-30 13:00:00,48,18,1
254,2025-12-18 12:00:00,56,4,1
255,2025-10-03 14:00:00,60,28,1
256,2025-08-18 16:00:00,73,23,1
257,2025-04-22 20:00:00,4,14,1
258,2025-03-03 10:00:00,4,4,1
259,2025-10-08 17:00:00,64,22,3
260,2025-12-14 10:00:00,26,24,1
261,2025-01-20 12:00:00,66,1,2
262,2025-08-12 18:00:00,52,3,5
263,2025-08-30 18:00:00,9,14,2
264,2025-07-24 14:00:00,42,25,1
265,2025-06-15 16:00:00,15,17,1
266,2025-01-06 11:00:00,67,14,1
267,2025-09-07 14:00:00,37,7,2
268,2025-05-28 12:00:00,19,25,1
269,2025-03-30 12:00:00,16,16,2
270,2025-11-02 11:00:00,69,12,1
271,2025-04-19 15:00:00,39,6,2
272,2025-12-29 16:00:00,18,11,1
273,2025-07-04 11:00:00,10,18,1
274,2025-07-18 13:00:00,51,13,1
275,2025-12-16 15:00:00,22,23,1
276,2025-03-05 13:00:00,36,25,2
277,2025-02-26 14:00:00,27,25,1
278,2025-08-03 16:00:00,29,6,1
279,2025-07-21 16:00:00,62,1,1
280,2025-04-27 08:00:00,63,6,2
281,2025-05-27 15:00:00,35,24,1
282,2025-06-09 21:00:00,55,5,1
283,2025-06-03 22:00:00,51,11,1
284,2025-03-06 17:00:00,12,2,1
285,2025-06-10 14:00:00,65,29,1
286,2025-11-20 20:00:00,44,17,1
287,2025-01-16 09:00:00,76,12,1
288,2025-05-25 22:00:00,15,1,2
289,2025-02-12 18:00:00,49,2,1
290,2025-12-23 08:00:00,65,5,2
291,2025-09-13 18:00:00,49,2,2
292,2025-02-28 11:00:00,9,10,1
293,2025-01-26 22:00:00,7,11,2
294,2025-11-15 13:00:00,6,30,1
295,2025-07-01 15:00:00,5,22,1
296,2025-08-01 17:00:00,36,2,2
297,2025-03-25 10:00:00,22,21,2
298,2025-05-02 12:00:00,53,28,2
299,2025-05-13 11:00:00,17,7,1
300,2025-11-10 19:00:00,17,14,1
301,2025-09-22 18:00:00,45,12,1
302,2025-06-03 19:00:00,68,16,1
303,2025-11-03 11:00:00,15,9,1
304,2025-03-03 20:00:00,51,21,2
305,2025-08-27 21:00:00,32,12,1
306,2025-01-28 12:00:00,36,3,1
307,2025-06-27 10:00:00,46,20,1
308,2025-12-01 19:00:00,49,2,1
309,2025-01-17 09:00:00,70,19,3
310,2025-05-11 21:00:00,53,3,1
311,2025-04-22 21:00:00,60,11,5
312,2025-11-23 08:00:00,48,12,1
313,2025-08-06 11:00:00,42,15,1
314,2025-05-04 13:00:00,25,4,1
315,2025-07-18 22:00:00,2,20,1
316,2025-11-10 10:00:00,56,5,1
317,2025-12-26 17:00:00,62,12,1
318,2025-05-31 22:00:00,45,23,1
319,2025-12-24 13:00:00,32,28,1
320,2025-03-19 20:00:00,45,18,1
321,2025-06-25 16:00:00,64,29,1
322,2025-12-24 15:00:00,18,22,1
323,2025-08-08 14:00:00,12,26,1
324,2025-07-22 09:00:00,22,21,2
325,2025-06-05 19:00:00,7,16,1
326,2025-09-10 18:00:00,25,24,1
327,2025-08-21 09:00:00,61,19,1
328,2025-02-18 10:00:00,8,17,2
329,2025-09-02 21:00:00,73,9,1
330,2025-12-25 10:00:00,79,7,1
331,2025-12-20 21:00:00,26,20,1
332,2025-05-29 17:00:00,1,13,2
333,2025-05-23 13:00:00,27,25,1
334,2025-05-09 11:00:00,16,13,1
335,2025-11-21 22:00:00,70,15,2
336,2025-10-03 18:00:00,39,30,2
337,2025-07-17 17:00:00,56,21,2
338,2025-05-28 21:00:00,2,9,1
339,2025-06-22 16:00:00,3,29,1
340,2025-07-01 22:00:00,18,5,1
341,2025-08-23 16:00:00,47,24,2
342,2025-11-25 18:00:00,24,2,1
343,2025-09-14 13:00:00,30,10,2
344,2025-11-22 16:00:00,34,18,1
345,2025-08-26 16:00:00,19,23,3
346,2025-10-20 08:00:00,52,21,1
347,2025-05-02 12:00:00,15,17,3
348,2025-11-18 18:00:00,19,2,1
349,2025-08-08 09:00:00,39,25,2
350,2025-07-10 18:00:00,60,6,1
351,2025-11-15 20:00:00,27,29,2
352,2025-03-29 13:00:00,29,16,1
353,2025-11-03 14:00:00,65,17,1
354,2025-08-26 11:00:00,42,18,3
355,2025-12-30 19:00:00,71,25,1
356,2025-11-27 22:00:00,51,16,1
357,2025-08-31 18:00:00,25,24,1
358,2025-07-11 22:00:00,13,30,1
359,2025-07-12 16:00:00,2,20,1
360,2025-03-14 21:00:00,51,9,1
361,2025-10-09 13:00:00,43,5,3
362,2025-12-05 22:00:00,74,23,2
363,2025-12-13 12:00:00,17,15,2
364,2025-07-24 22:00:00,46,18,3
365,2025-03-23 18:00:00,46,4,1
366,2025-03-25 10:00:00,23,30,1
367,2025-05-04 21:00:00,61,18,5
368,2025-04-21 20:00:00,34,6,1
369,2025-12-08 22:00:00,31,8,1
370,2025-06-15 20:00:00,37,24,1
371,2025-10-08 18:00:00,59,10,2
372,2025-05-06 21:00:00,6,22,1
373,2025-06-24 21:00:00,52,16,1
374,2025-10-04 10:00:00,42,19,1
375,2025-12-01 12:00:00,1,8,1
376,2025-09-22 11:00:00,38,18,2
377,2025-01-04 15:00:00,16,27,1
378,2025-11-08 14:00:00,45,16,2
379,2025-07-09 15:00:00,2,29,1
380,2025-02-23 08:00:00,64,28,1
381,2025-04-01 11:00:00,44,27,1
382,2025-04-15 16:00:00,80,30,1
383,2025-01-12 16:00:00,35,14,2
384,2025-12-04 20:00:00,3,19,2
385,2025-09-26 16:00:00,21,3,1
386,2025-04-06 11:00:00,26,12,1
387,2025-01-16 12:00:00,9,23,1
388,2025-06-27 08:00:00,42,23,1
389,2025-03-24 08:00:00,33,30,1
390,2025-08-15 19:00:00,50,16,3
391,2025-07-19 10:00:00,9,30,1
392,2025-06-11 09:00:00,32,9,2
393,2025-10-27 10:00:00,41,19,1
394,2025-10-01 22:00:00,63,11,1
395,2025-09-24 09:00:00,16,4,1
396,2025-05-08 20:00:00,70,6,2
397,2025-08-06 19:00:00,80,24,1
398,2025-07-30 10:00:00,54,2,1
399,2025-08-09 17:00:00,12,11,1
400,2025-07-08 13:00:00,23,24,1
401,2025-04-06 10:00:00,34,27,1
402,2025-11-04 18:00:00,22,15,1
403,2025-08-07 20:00:00,19,1,1
404,2025-01-17 12:00:00,34,8,1
405,2025-03-24 16:00:00,24,3,5
406,2025-05-25 18:00:00,76,29,1
407,2025-03-08 10:00:00,79,11,2
408,2025-05-26 10:00:00,61,15,1
409,2025-06-17 11:00:00,76,22,2
410,2025-11-09 10:00:00,35,3,1
411,2025-06-21 11:00:00,32,15,1
412,2025-08-16 10:00:00,37,7,1
413,2025-04-25 09:00:00,8,22,1
414,2025-04-25 12:00:00,35,15,2
415,2025-09-09 08:00:00,60,19,1
416,2025-01-08 16:00:00,73,4,1
417,2025-03-20 20:00:00,80,24,2
418,2025-10-17 13:00:00,70,28,1
419,2025-09-17 09:00:00,78,28,1
420,2025-12-10 13:00:00,7,13,2
421,2025-05-13 16:00:00,75,21,1
422,2025-09-10 14:00:00,54,12,1
423,2025-01-27 14:00:00,34,27,1
424,2025-10-05 16:00:00,44,23,1
425,2025-12-26 11:00:00,36,5,1
426,2025-05-03 10:00:00,22,16,5
427,2025-01-24 09:00:00,75,23,1
428,2025-01-20 21:00:00,35,17,3
429,2025-08-15 18:00:00,63,20,5
430,2025-11-01 20:00:00,2,13,1
431,2025-06-08 17:00:00,11,30,1
432,2025-02-19 11:00:00,59,22,2
433,2025-01-15 14:00:00,48,21,1
434,2025-04-01 20:00:00,1,10,1
435,2025-06-12 16:00:00,69,11,1
436,2025-08-13 20:00:00,45,30,1
437,2025-10-14 15:00:00,80,27,1
438,2025-10-15 10:00:00,39,10,2
439,2025-09-15 16:00:00,3,15,1
440,2025-11-22 18:00:00,63,2,2
441,2025-02-16 20:00:00,53,22,1
442,2025-09-04 16:00:00,75,21,5
443,2025-08-09 21:00:00,67,24,1
444,2025-10-10 14:00:00,20,11,1
445,2025-06-18 18:00:00,16,4,2
446,2025-12-17 22:00:00,70,24,1
447,2025-02-12 21:00:00,38,6,1
448,2025-09-09 19:00:00,38,9,1
449,2025-01-26 22:00:00,50,7,2
450,2025-01-18 17:00:00,73,23,2
451,2025-11-08 11:00:00,66,11,1
452,2025-09-10 10:00:00,44,7,1
453,2025-12-22 17:00:00,13,5,1
454,2025-10-15 21:00:00,61,27,2
455,2025-03-07 14:00:00,16,13,1
456,2025-06-11 09:00:00,9,24,1
457,2025-02-28 20:00:00,74,14,1
458,2025-09-14 12:00:00,63,20,1
459,2025-12-20 18:00:00,70,2,1
460,2025-11-29 09:00:00,76,7,1
461,2025-04-13 08:00:00,18,23,2
462,2025-02-15 08:00:00,75,12,1
463,2025-06-07 15:00:00,18,11,2
464,2025-06-15 09:00:00,11,1,2
465,2025-03-12 17:00:00,18,14,1
466,2025-07-04 11:00:00,61,8,1
467,2025-08-17 16:00:00,11,4,1
468,2025-03-19 20:00:00,47,27,3
469,2025-08-08 10:00:00,70,7,2
470,2025-08-20 14:00:00,3,25,5
471,2025-05-16 08:00:00,23,26,1
472,2025-07-07 12:00:00,18,26,3
473,2025-02-25 15:00:00,76,18,2
474,2025-03-22 22:00:00,70,11,2
475,2025-09-24 21:00:00,36,15,1
476,2025-08-27 18:00:00,57,8,1
477,2025-12-15 12:00:00,66,6,1
478,2025-12-30 10:00:00,39,27,3
479,2025-05-28 10:00:00,10,9,1
480,2025-05-07 21:00:00,15,14,2
481,2025-10-14 13:00:00,69,26,1
482,2025-01-04 17:00:00,22,1,1
483,2025-10-19 18:00:00,61,8,1
484,2025-01-24 19:00:00,68,4,1
485,2025-11-23 08:00:00,4,30,1
486,2025-05-08 17:00:00,66,18,1
487,2025-11-22 18:00:00,66,10,1
488,2025-04-04 17:00:00,9,24,2
489,2025-04-01 13:00:00,70,6,2
490,2025-04-15 10:00:00,61,19,1
491,2025-11-18 08:00:00,5,28,2
492,2025-10-01 16:00:00,76,24,1
493,2025-11-08 20:00:00,79,11,2
494,2025-07-13 22:00:00,78,19,1
495,2025-06-30 12:00:00,64,24,1
496,2025-05-06 13:00:00,39,13,1
497,2025-01-25 15:00:00,45,3,1
498,2025-05-09 16:00:00,71,18,1
499,2025-08-22 17:00:00,2,29,1
500,2025-09-04 22:00:00,41,1,2
501,2025-02-05 17:00:00,2,5,1
502,2025-01-26 21:00:00,71,23,1
503,2025-03-02 16:00:00,68,12,1
504,2025-05-05 22:00:00,8,9,2
505,2025-04-28 11:00:00,56,25,1
506,2025-08-06 20:00:00,51,21,1
507,2025-11-26 12:00:00,6,29,1
508,2025-06-02 10:00:00,29,2,1
509,2025-05-13 13:00:00,55,14,1
510,2025-05-06 11:00:00,53,12,2
511,2025-04-21 12:00:00,16,11,1
512,2025-11-15 14:00:00,25,12,1
513,2025-08-28 15:00:00,55,8,1
514,2025-06-12 08:00:00,68,1,1
515,2025-04-28 18:00:00,45,28,3
516,2025-12-03 13:00:00,26,5,1
517,2025-09-24 18:00:00,64,18,3
518,2025-06-29 14:00:00,49,14,1
519,2025-05-19 16:00:00,75,11,1
520,2025-09-29 19:00:00,4,7,1
521,2025-06-25 19:00:00,17,10,1
522,2025-12-30 16:00:00,25,8,1
523,2025-11-18 14:00:00,19,17,1
524,2025-11-03 17:00:00,27,4,3
525,2025-01-29 09:00:00,29,28,1
526,2025-11-20 16:00:00,38,12,1
527,2025-03-25 11:00:00,54,26,1
528,2025-12-06 12:00:00,6,9,1
529,2025-06-09 20:00:00,79,28,1
530,2025-03-17 19:00:00,53,14,1
531,2025-09-12 19:00:00,56,7,1
532,2025-10-29 12:00:00,20,2,3
533,2025-03-09 16:00:00,32,24,1
534,2025-03-22 21:00:00,80,13,1
535,2025-07-27 08:00:00,24,29,2
536,2025-09-26 15:00:00,53,4,1
537,2025-11-16 15:00:00,1,7,1
538,2025-01-03 12:00:00,62,26,2
539,2025-10-15 16:00:00,58,23,2
540,2025-07-15 22:00:00,79,3,1
541,2025-07-23 14:00:00,18,13,2
542,2025-11-13 12:00:00,3,8,1
543,2025-07-11 17:00:00,18,5,1
544,2025-09-06 17:00:00,18,9,1
545,2025-08-22 20:00:00,1,20,3
546,2025-04-04 21:00:00,41,4,1
547,2025-12-18 19:00:00,58,12,2
548,2025-05-12 21:00:00,21,12,1
549,2025-01-03 14:00:00,51,29,1
550,2025-07-28 18:00:00,52,26,1
551,2025-07-09 18:00:00,75,28,1
552,2025-09-04 08:00:00,18,5,2
553,2025-05-07 15:00:00,73,25,1
554,2025-07-19 16:00:00,3,17,5
555,2025-05-25 21:00:00,12,23,1
556,2025-11-06 21:00:00,72,26,1
557,2025-09-04 17:00:00,74,8,2
558,2025-06-05 19:00:00,39,9,2
559,2025-09-10 20:00:00,37,19,1
560,2025-10-26 11:00:00,46,11,1
561,2025-05-12 15:00:00,80,27,1
562,2025-01-29 13:00:00,50,19,1
563,2025-06-30 22:00:00,31,8,1
564,2025-06-22 10:00:00,68,2,1
565,2025-03-27 19:00:00,39,25,1
566,2025-12-06 19:00:00,44,29,1
567,2025-10-08 13:00:00,57,16,1
568,2025-12-04 20:00:00,41,25,1
569,2025-11-01 11:00:00,22,16,1
570,2025-09-20 13:00:00,56,5,1
571,2025-03-04 11:00:00,74,12,2
572,2025-04-01 13:00:00,14,24,1
573,2025-07-01 15:00:00,74,29,5
574,2025-09-24 09:00:00,9,9,2
575,2025-03-10 16:00:00,35,9,5
576,2025-12-24 21:00:00,16,23,1
577,2025-09-10 20:00:00,45,12,2
578,2025-04-17 15:00:00,1,21,2
579,2025-12-02 16:00:00,58,9,1
580,2025-09-02 09:00:00,40,21,1
581,2025-02-23 08:00:00,69,13,1
582,2025-01-03 16:00:00,41,10,1
583,2025-05-14 16:00:00,17,16,2
584,2025-08-25 08:00:00,64,21,2
585,2025-03-25 22:00:00,33,3,1
586,2025-09-16 14:00:00,47,30,1
587,2025-01-19 21:00:00,8,16,2
588,2025-09-25 22:00:00,9,25,5
589,2025-06-08 14:00:00,47,5,1
590,2025-02-26 12:00:00,40,7,1
591,2025-11-13 13:00:00,41,24,1
592,2025-11-01 20:00:00,77,29,2
593,2025-11-01 18:00:00,17,23,1
594,2025-09-20 13:00:00,25,22,1
595,2025-05-29 11:00:00,21,1,1
596,2025-12-27 22:00:00,25,15,3
597,2025-04-26 18:00:00,74,22,5
598,2025-11-03 22:00:00,19,13,1
599,2025-09-01 09:00:00,37,20,1
600,2025-06-20 08:00:00,72,20,1
601,2025-02-10 19:00:00,61,27,2
602,2025-10-25 18:00:00,13,24,1
603,2025-12-13 15:00:00,68,11,2
604,2025-04-13 21:00:00,41,22,1
605,2025-01-05 21:00:00,26,3,1
606,2025-09-23 16:00:00,42,26,1
607,2025-11-11 18:00:00,64,16,1
608,2025-03-30 11:00:00,23,2,1
609,2025-04-01 19:00:00,51,13,1
610,2025-01-17 17:00:00,41,20,3
611,2025-08-16 13:00:00,1,24,1
612,2025-02-06 10:00:00,77,11,2
613,2025-10-26 10:00:00,19,14,1
614,2025-09-14 09:00:00,61,20,1
615,2025-12-02 17:00:00,14,24,2
616,2025-06-04 16:00:00,1,7,1
617,2025-05-07 21:00:00,30,21,2
618,2025-12-03 09:00:00,31,21,1
619,2025-01-31 22:00:00,68,22,1
620,2025-08-20 16:00:00,25,24,2
621,2025-05-30 14:00:00,6,18,2
622,2025-02-10 14:00:00,73,18,1
623,2025-11-12 14:00:00,49,22,1
624,2025-07-11 21:00:00,47,17,1
625,2025-11-02 08:00:00,23,12,1
626,2025-01-14 11:00:00,45,28,1
627,2025-12-13 15:00:00,38,5,1
628,2025-08-26 20:00:00,78,23,1
629,2025-07-06 21:00:00,75,25,1
630,2025-10-25 10:00:00,72,6,1
631,2025-07-17 14:00:00,19,25,3
632,2025-09-18 09:00:00,3,12,1
633,2025-05-26 21:00:00,2,14,1
634,2025-01-31 21:00:00,54,14,1
635,2025-06-19 19:00:00,20,9,1
636,2025-01-08 15:00:00,68,7,1
637,2025-10-28 21:00:00,19,30,1
638,2025-05-15 10:00:00,69,24,2
639,2025-01-05 22:00:00,70,5,2
640,2025-08-11 08:00:00,71,27,1
641,2025-02-12 21:00:00,34,27,1
642,2025-02-16 12:00:00,2,4,1
643,2025-10-24 21:00:00,62,18,1
644,2025-04-29 19:00:00,29,27,1
645,2025-05-31 11:00:00,18,27,2
646,2025-05-14 19:00:00,56,25,1
647,2025-03-31 13:00:00,69,30,1
648,2025-04-29 17:00:00,72,24,2
649,2025-05-02 15:00:00,61,11,1
650,2025-12-29 22:00:00,6,18,1
651,2025-02-23 20:00:00,1,14,1
652,2025-07-03 20:00:00,56,28,1
653,2025-12-25 20:00:00,12,3,1
654,2025-11-08 12:00:00,19,13,2
655,2025-02-25 18:00:00,28,8,2
656,2025-09-07 21:00:00,10,9,1
657,2025-11-15 15:00:00,51,18,2
658,2025-05-05 09:00:00,46,27,1
659,2025-11-27 08:00:00,51,12,1
660,2025-08-21 22:00:00,75,16,1
661,2025-12-28 14:00:00,50,15,2
662,2025-02-09 14:00:00,22,27,1
663,2025-07-29 20:00:00,36,12,2
664,2025-04-01 13:00:00,77,28,1
665,2025-11-23 11:00:00,54,8,1
666,2025-02-02 18:00:00,15,12,2
667,2025-05-20 09:00:00,38,14,1
668,2025-03-16 09:00:00,24,11,5
669,2025-05-18 21:00:00,64,17,1
670,2025-04-29 18:00:00,69,18,1
671,2025-02-05 21:00:00,61,12,2
672,2025-03-19 20:00:00,72,3,2
673,2025-02-01 18:00:00,17,5,1
674,2025-01-13 11:00:00,1,5,1
675,2025-08-15 21:00:00,32,4,1
676,2025-11-14 19:00:00,19,18,2
677,2025-02-19 21:00:00,71,8,1
678,2025-01-29 18:00:00,61,21,1
679,2025-11-21 08:00:00,70,3,1
680,2025-11-23 21:00:00,38,4,2
681,2025-06-15 11:00:00,68,30,1
682,2025-04-18 15:00:00,1,4,1
683,2025-09-30 18:00:00,33,13,1
684,2025-06-26 11:00:00,18,9,3
685,2025-01-28 08:00:00,55,26,3
686,2025-09-16 13:00:00,12,25,1
687,2025-01-29 20:00:00,50,4,5
688,2025-04-29 10:00:00,71,24,1
689,2025-10-17 13:00:00,49,24,2
690,2025-06-13 18:00:00,14,11,2
691,2025-11-14 12:00:00,56,22,1
692,2025-12-08 09:00:00,15,22,1
693,2025-12-27 18:00:00,7,9,1
694,2025-08-24 15:00:00,28,18,1
695,2025-03-22 11:00:00,19,24,1
696,2025-04-04 15:00:00,15,29,1
697,2025-07-28 22:00:00,25,27,1
698,2025-10-22 08:00:00,29,28,1
699,2025-11-12 16:00:00,76,20,1
700,2025-12-27 19:00:00,44,25,2
701,2025-05-21 16:00:00,27,2,1
702,2025-10-14 22:00:00,8,2,1
703,2025-09-20 11:00:00,23,18,1
704,2025-12-12 17:00:00,73,1,1
705,2025-03-04 12:00:00,55,18,2
706,2025-10-13 11:00:00,22,8,2
707,2025-10-29 10:00:00,60,13,1
708,2025-09-30 11:00:00,43,13,1
709,2025-02-11 19:00:00,34,6,2
710,2025-12-14 19:00:00,14,3,1
711,2025-10-14 21:00:00,17,19,1
712,2025-03-30 10:00:00,59,20,1
713,2025-05-16 09:00:00,17,20,1
714,2025-12-07 12:00:00,72,23,2
715,2025-05-19 10:00:00,78,20,1
716,2025-05-01 14:00:00,74,28,1
717,2025-09-09 09:00:00,33,3,2
718,2025-08-30 09:00:00,43,30,2
719,2025-03-26 12:00:00,78,9,1
720,2025-09-11 08:00:00,24,24,1
721,2025-05-21 20:00:00,54,5,5
722,2025-03-19 14:00:00,31,28,1
723,2025-01-28 22:00:00,56,20,1
724,2025-04-07 21:00:00,6,13,3
725,2025-08-06 13:00:00,47,11,1
726,2025-05-01 12:00:00,36,18,3
727,2025-08-18 17:00:00,75,20,1
728,2025-06-09 13:00:00,53,2,1
729,2025-09-02 09:00:00,69,7,2
730,2025-09-09 21:00:00,50,4,1
731,2025-09-28 15:00:00,43,15,3
732,2025-11-23 13:00:00,79,9,1
733,2025-10-16 14:00:00,43,11,2
734,2025-01-25 21:00:00,65,17,1
735,2025-09-05 10:00:00,32,20,1
736,2025-02-05 10:00:00,8,20,3
737,2025-12-14 08:00:00,29,5,1
738,2025-11-02 09:00:00,42,21,3
739,2025-06-16 13:00:00,59,26,1
740,2025-02-12 16:00:00,6,18,3
741,2025-06-18 10:00:00,27,5,3
742,2025-07-20 22:00:00,50,24,1
743,2025-11-06 16:00:00,58,3,2
744,2025-05-20 11:00:00,32,9,3
745,2025-10-08 20:00:00,40,23,1
746,2025-08-13 16:00:00,23,12,1
747,2025-06-30 14:00:00,7,28,1
748,2025-11-08 14:00:00,70,24,1
749,2025-03-07 16:00:00,68,8,1
750,2025-12-11 14:00:00,25,14,1
751,2025-12-22 15:00:00,76,15,1
752,2025-03-15 20:00:00,29,2,1
753,2025-10-11 18:00:00,73,12,1
754,2025-07-31 21:00:00,74,4,2
755,2025-04-23 17:00:00,26,22,1
756,2025-09-02 12:00:00,10,11,3
757,2025-01-19 15:00:00,48,7,1
758,2025-09-30 20:00:00,74,25,3
759,2025-03-31 14:00:00,8,13,1
760,2025-04-22 12:00:00,54,3,2
761,2025-11-27 13:00:00,15,2,3
762,2025-06-02 08:00:00,28,30,2
763,2025-06-06 22:00:00,30,23,2
764,2025-12-30 15:00:00,70,24,1
765,2025-08-04 14:00:00,52,12,1
766,2025-09-19 09:00:00,54,14,1
767,2025-04-18 18:00:00,2,14,1
768,2025-09-13 11:00:00,77,27,5
769,2025-04-10 14:00:00,54,6,1
770,2025-05-02 11:00:00,64,27,2
771,2025-07-03 18:00:00,75,13,1
772,2025-04-02 14:00:00,3,21,1
773,2025-09-21 13:00:00,27,26,1
774,2025-04-13 13:00:00,33,7,1
775,2025-09-09 12:00:00,8,25,1
776,2025-06-22 12:00:00,77,13,1
777,2025-03-22 16:00:00,51,24,1
778,2025-10-05 16:00:00,74,3,2
779,2025-02-24 11:00:00,79,13,1
780,2025-04-05 08:00:00,68,12,2
781,2025-04-05 17:00:00,27,4,3
782,2025-07-20 17:00:00,52,19,1
783,2025-08-04 22:00:00,60,2,2
784,2025-05-17 21:00:00,67,3,1
785,2025-11-22 15:00:00,2,22,2
786,2025-01-14 17:00:00,34,24,1
787,2025-02-26 13:00:00,1,28,1
788,2025-04-27 08:00:00,52,5,2
789,2025-12-12 15:00:00,73,9,2
790,2025-10-01 22:00:00,47,24,5
791,2025-07-07 19:00:00,23,9,2
792,2025-10-04 19:00:00,30,13,1
793,2025-03-05 12:00:00,74,27,1
794,2025-03-06 11:00:00,36,26,1
795,2025-04-18 22:00:00,15,22,1
796,2025-12-07 21:00:00,24,5,1
797,2025-06-05 22:00:00,10,26,1
798,2025-01-17 21:00:00,1,24,1
799,2025-10-20 13:00:00,1,30,1
800,2025-01-16 10:00:00,78,23,1
801,2025-05-27 12:00:00,64,9,1
802,2025-02-25 21:00:00,4,8,1
803,2025-10-15 22:00:00,69,12,1
804,2025-12-31 12:00:00,61,10,3
805,2025-08-11 21:00:00,36,18,1
806,2025-04-28 10:00:00,72,18,1
807,2025-05-03 19:00:00,76,28,1
808,2025-12-20 09:00:00,11,10,1
809,2025-12-04 09:00:00,78,16,1
810,2025-11-28 12:00:00,73,16,1
811,2025-06-15 18:00:00,14,1,1
812,2025-11-28 11:00:00,77,20,1
813,2025-12-22 17:00:00,23,24,1
814,2025-04-20 13:00:00,79,24,2
815,2025-06-10 10:00:00,22,29,1
816,2025-12-30 15:00:00,63,22,2
817,2025-08-20 17:00:00,73,13,1
818,2025-02-09 16:00:00,78,8,1
819,2025-08-21 18:00:00,40,21,1
820,2025-04-09 21:00:00,51,16,1
821,2025-09-27 08:00:00,31,14,1
822,2025-08-18 13:00:00,31,15,1
823,2025-12-12 18:00:00,30,6,1
824,2025-12-22 14:00:00,27,16,1
825,2025-02-20 10:00:00,26,16,2
826,2025-01-22 20:00:00,27,30,1
827,2025-05-31 13:00:00,58,28,1
828,2025-06-01 09:00:00,65,9,2
829,2025-05-12 20:00:00,25,10,1
830,2025-10-29 15:00:00,66,21,1
831,2025-02-06 13:00:00,41,4,5
832,2025-10-20 21:00:00,14,4,2
833,2025-01-11 12:00:00,38,22,1
834,2025-02-25 19:00:00,48,15,1
835,2025-08-27 16:00:00,78,29,2
836,2025-04-09 22:00:00,47,28,1
837,2025-08-26 20:00:00,33,8,1
838,2025-08-15 12:00:00,57,21,1
839,2025-10-28 22:00:00,71,15,1
840,2025-09-22 18:00:00,9,2,1
841,2025-07-15 11:00:00,47,7,1
842,2025-01-18 15:00:00,22,27,1
843,2025-02-16 08:00:00,30,27,1
844,2025-09-26 12:00:00,22,24,1
845,2025-07-30 12:00:00,11,10,1
846,2025-01-13 21:00:00,27,5,1
847,2025-08-19 09:00:00,78,23,2
848,2025-11-06 21:00:00,32,27,1
849,2025-07-08 20:00:00,33,9,1
850,2025-09-21 22:00:00,40,14,1
851,2025-05-13 12:00:00,3,1,1
852,2025-09-04 22:00:00,20,16,1
853,2025-02-12 08:00:00,44,20,3
854,2025-07-26 10:00:00,15,18,1
855,2025-01-20 21:00:00,8,20,2
856,2025-03-01 19:00:00,55,6,1
857,2025-05-28 20:00:00,50,8,2
858,2025-07-25 12:00:00,14,28,1
859,2025-12-18 08:00:00,58,11,5
860,2025-07-30 17:00:00,51,23,1
861,2025-03-10 19:00:00,72,24,1
862,2025-10-05 17:00:00,11,30,3
863,2025-08-14 20:00:00,37,14,1
864,2025-08-15 14:00:00,28,24,2
865,2025-11-26 13:00:00,36,24,1
866,2025-04-23 16:00:00,54,28,1
867,2025-08-15 19:00:00,15,7,3
868,2025-03-04 09:00:00,69,2,1
869,2025-11-12 22:00:00,63,2,2
870,2025-12-30 18:00:00,34,16,1
871,2025-01-04 15:00:00,50,8,1
872,2025-06-08 18:00:00,63,5,1
873,2025-09-26 14:00:00,39,30,1
874,2025-07-31 12:00:00,3,23,1
875,2025-11-06 09:00:00,4,5,1
876,2025-11-14 11:00:00,76,24,5
877,2025-12-25 13:00:00,15,20,1
878,2025-04-04 09:00:00,14,4,1
879,2025-05-26 08:00:00,46,21,1
880,2025-01-06 13:00:00,79,12,1
881,2025-04-23 11:00:00,53,29,2
882,2025-01-16 17:00:00,37,6,1
883,2025-06-14 19:00:00,67,13,1
884,2025-11-11 15:00:00,34,8,1
885,2025-09-09 12:00:00,41,12,2
886,2025-01-04 22:00:00,35,19,2
887,2025-04-12 16:00:00,21,14,1
888,2025-07-20 14:00:00,41,11,1
889,2025-07-12 17:00:00,15,4,2
890,2025-02-18 11:00:00,1,24,1
891,2025-06-24 19:00:00,37,11,5
892,2025-01-24 08:00:00,75,14,1
893,2025-05-08 17:00:00,37,19,2
894,2025-12-04 15:00:00,11,30,1
895,2025-09-19 15:00:00,22,4,1
896,2025-02-13 22:00:00,27,8,1
897,2025-05-28 17:00:00,19,16,1
898,2025-04-23 15:00:00,3,28,1
899,2025-02-10 16:00:00,43,17,2
900,2025-02-26 22:00:00,8,1,1
901,2025-01-11 14:00:00,15,26,1
902,2025-04-14 17:00:00,35,16,1
903,2025-11-23 18:00:00,58,29,1
904,2025-10-18 20:00:00,66,7,1
905,2025-02-04 17:00:00,22,12,1
906,2025-05-17 09:00:00,39,7,1
907,2025-10-22 20:00:00,70,10,1
908,2025-10-11 20:00:00,20,4,1
909,2025-05-20 14:00:00,38,8,2
910,2025-12-14 15:00:00,62,23,1
911,2025-10-26 14:00:00,16,19,1
912,2025-07-04 14:00:00,17,23,1
913,2025-10-16 11:00:00,48,2,2
914,2025-09-22 20:00:00,24,15,5
915,2025-11-23 13:00:00,37,4,1
916,2025-03-18 08:00:00,4,17,1
917,2025-09-28 14:00:00,15,6,1
918,2025-03-15 19:00:00,43,25,1
919,2025-03-06 22:00:00,53,6,1
920,2025-03-08 21:00:00,75,2,1
921,2025-10-06 10:00:00,28,25,1
922,2025-06-14 11:00:00,73,5,2
923,2025-06-29 11:00:00,39,23,1
924,2025-03-04 21:00:00,30,29,5
925,2025-08-17 21:00:00,80,25,1
926,2025-05-20 13:00:00,74,4,1
927,2025-05-13 10:00:00,32,24,1
928,2025-09-24 17:00:00,60,30,1
929,2025-02-11 15:00:00,51,13,1
930,2025-06-06 21:00:00,51,20,1
931,2025-11-16 15:00:00,53,7,2
932,2025-04-07 22:00:00,79,7,1
933,2025-05-04 11:00:00,36,21,1
934,2025-09-17 22:00:00,25,6,1
935,2025-09-01 20:00:00,78,11,1
936,2025-11-12 14:00:00,30,8,1
937,2025-11-04 17:00:00,35,12,3
938,2025-08-02 16:00:00,7,5,1
939,2025-09-03 08:00:00,10,26,1
940,2025-04-08 11:00:00,21,22,2
941,2025-03-24 16:00:00,16,6,1
942,2025-07-04 17:00:00,64,8,2
943,2025-05-12 14:00:00,38,4,1
944,2025-02-19 13:00:00,14,19,2
945,2025-12-20 11:00:00,28,7,1
946,2025-10-05 18:00:00,40,26,1
947,2025-07-19 17:00:00,19,10,1
948,2025-09-22 15:00:00,71,24,2
949,2025-02-06 15:00:00,37,17,1
950,2025-12-03 08:00:00,13,3,2
951,2025-04-08 18:00:00,52,2,1
952,2025-08-23 11:00:00,42,25,1
953,2025-09-08 18:00:00,12,25,1
954,2025-10-15 10:00:00,33,15,1
955,2025-07-19 12:00:00,51,3,1
956,2025-08-03 17:00:00,57,21,3
957,2025-10-24 13:00:00,4,12,2
958,2025-01-09 19:00:00,2,6,1
959,2025-05-15 17:00:00,78,24,3
960,2025-04-30 08:00:00,22,19,1
961,2025-07-02 15:00:00,28,17,1
962,2025-07-25 10:00:00,69,27,3
963,2025-08-26 10:00:00,53,24,1
964,2025-09-28 13:00:00,34,7,1
965,2025-08-11 14:00:00,46,3,1
966,2025-05-22 09:00:00,49,20,1
967,2025-12-10 11:00:00,50,21,3
968,2025-10-30 21:00:00,63,25,2
969,2025-03-21 18:00:00,74,21,2
970,2025-07-04 08:00:00,61,21,1
971,2025-09-24 18:00:00,75,16,1
972,2025-10-14 10:00:00,33,1,1
973,2025-11-26 17:00:00,35,16,2
974,2025-12-01 09:00:00,64,1,1
975,2025-10-30 21:00:00,10,7,1
976,2025-03-22 12:00:00,35,20,1
977,2025-10-03 21:00:00,44,17,1
978,2025-04-06 09:00:00,66,29,1
979,2025-09-16 08:00:00,36,24,2
980,2025-01-02 21:00:00,37,14,1
981,2025-03-09 16:00:00,54,7,1
982,2025-10-26 19:00:00,13,25,1
983,2025-11-18 21:00:00,33,5,1
984,2025-02-27 21:00:00,21,18,2
985,2025-07-07 15:00:00,74,24,2
986,2025-11-26 13:00:00,34,28,1
987,2025-09-26 16:00:00,46,10,2
988,2025-01-07 17:00:00,9,13,1
989,2025-03-28 18:00:00,25,16,1
990,2025-05-23 22:00:00,55,25,1
991,2025-10-21 15:00:00,8,1,1
992,2025-05-31 13:00:00,36,25,3
993,2025-12-11 10:00:00,50,18,1
994,2025-03-18 15:00:00,14,20,2
995,2025-06-05 11:00:00,19,18,1
996,2025-10-08 10:00:00,70,19,1
997,2025-09-27 17:00:00,50,8,1
998,2025-02-10 09:00:00,44,18,1
999,2025-04-18 19:00:00,40,16,1
1000,2025-08-12 18:00:00,44,28,1
